Model,MAE,RMSE,RMSE - MAE Gap
Regression (Lag Features),31.620254603680614,45.960334666241124,14.34008006256051
ARIMA,173.3536635116471,205.1420807281825,31.78841721653538
