Model,MAE_Spike,RMSE_Spike
Regression,30.15075952228473,43.23000309153383
ARIMA,124.77228046205023,149.66592759852674
