Lag,ACF
1,0.9665508316772143
12,0.5908315158525942
24,0.393073782522939
48,0.13630437556792052
72,0.059026278496673065
168,0.016060083939747265
336,
