Model,AIC,BIC,MAE,RMSE,AIC_diff,BIC_diff,MAE_improvement,RMSE_improvement
"ARIMA(2,0,1)",42466.79755164198,42492.864724087565,93.98824400530623,132.81645833617085,197.96238353053195,184.95767822993366,0.0,0.0
"SARIMA(2,0,1)(1,0,1,24)",42268.83516811145,42307.90704585763,94.61838935586383,133.61168874720832,0.0,0.0,-0.6704512433725458,-0.598743876323417
