Model,Residual_Mean,Residual_Std,LjungBox_lag10_pvalue,LjungBox_lag20_pvalue
ARIMA,1.1713328291532752,16.905824312924906,0.02993700209865023,0.00014319149340967768
SARIMA(s=24),1.1817236187481488,16.896725075282173,0.03346667642754676,0.00020902799185765347
